[
    {
        "id": 1,
        "name": "Laptop",
        "price": 1401.79,
        "stock": 33,
        "description": "High-performance device",
        "discount": 0.07
    },
    {
        "id": 2,
        "name": "Camera",
        "price": 420.35,
        "stock": 59,
        "description": "Portable and lightweight",
        "discount": null
    },
    {
        "id": 3,
        "name": "Camera",
        "price": 80.0,
        "stock": 60,
        "description": "Elegant design",
        "discount": 0.32
    },
    {
        "id": 4,
        "name": "Smartwatch",
        "price": 1562.96,
        "stock": 34,
        "description": "Super fast",
        "discount": 0.37
    },
    {
        "id": 5,
        "name": "Headphones",
        "price": 1784.12,
        "stock": 68,
        "description": "Long battery life",
        "discount": 0.23
    },
    {
        "id": 6,
        "name": "Laptop",
        "price": 779.94,
        "stock": 50,
        "description": "Great sound quality",
        "discount": 0.39
    },
    {
        "id": 7,
        "name": "Camera",
        "price": 867.22,
        "stock": 92,
        "description": "Long battery life",
        "discount": null
    },
    {
        "id": 8,
        "name": "Mouse",
        "price": 1926.52,
        "stock": 32,
        "description": "Latest model",
        "discount": 0.32
    },
    {
        "id": 9,
        "name": "Tablet",
        "price": 1436.94,
        "stock": 13,
        "description": "Latest model",
        "discount": null
    },
    {
        "id": 10,
        "name": "Mouse",
        "price": 943.7,
        "stock": 13,
        "description": "Great for gaming",
        "discount": 0.31
    },
    {
        "id": 11,
        "name": "Smartphone",
        "price": 1459.01,
        "stock": 14,
        "description": "Long battery life",
        "discount": null
    },
    {
        "id": 12,
        "name": "Smartphone",
        "price": 1079.34,
        "stock": 52,
        "description": "Long battery life",
        "discount": null
    },
    {
        "id": 13,
        "name": "Speaker",
        "price": 1661.02,
        "stock": 79,
        "description": "Long battery life",
        "discount": null
    },
    {
        "id": 14,
        "name": "Headphones",
        "price": 990.98,
        "stock": 36,
        "description": "Great for gaming",
        "discount": 0.48
    },
    {
        "id": 15,
        "name": "Mouse",
        "price": 561.83,
        "stock": 7,
        "description": "High-performance device",
        "discount": 0.07
    },
    {
        "id": 16,
        "name": "Headphones",
        "price": 1581.73,
        "stock": 31,
        "description": "Elegant design",
        "discount": null
    },
    {
        "id": 17,
        "name": "Smartphone",
        "price": 398.2,
        "stock": 94,
        "description": "Great sound quality",
        "discount": 0.02
    },
    {
        "id": 18,
        "name": "Headphones",
        "price": 443.46,
        "stock": 8,
        "description": "Super fast",
        "discount": null
    },
    {
        "id": 19,
        "name": "Camera",
        "price": 538.63,
        "stock": 37,
        "description": "Portable and lightweight",
        "discount": 0.15
    },
    {
        "id": 20,
        "name": "Headphones",
        "price": 746.65,
        "stock": 90,
        "description": "Great for gaming",
        "discount": 0.34
    },
    {
        "id": 21,
        "name": "Mouse",
        "price": 1691.0,
        "stock": 30,
        "description": "Latest model",
        "discount": 0.33
    },
    {
        "id": 22,
        "name": "Camera",
        "price": 629.02,
        "stock": 90,
        "description": "Super fast",
        "discount": null
    },
    {
        "id": 23,
        "name": "Tablet",
        "price": 1462.32,
        "stock": 93,
        "description": "Portable and lightweight",
        "discount": 0.02
    },
    {
        "id": 24,
        "name": "Monitor",
        "price": 325.74,
        "stock": 4,
        "description": "High-performance device",
        "discount": 0.21
    },
    {
        "id": 25,
        "name": "Keyboard",
        "price": 306.01,
        "stock": 85,
        "description": "Elegant design",
        "discount": null
    },
    {
        "id": 26,
        "name": "Smartphone",
        "price": 1437.97,
        "stock": 50,
        "description": "Great sound quality",
        "discount": null
    },
    {
        "id": 27,
        "name": "Speaker",
        "price": 1467.88,
        "stock": 77,
        "description": "Portable and lightweight",
        "discount": 0.48
    },
    {
        "id": 28,
        "name": "Laptop",
        "price": 929.97,
        "stock": 88,
        "description": "Latest model",
        "discount": 0.25
    },
    {
        "id": 29,
        "name": "Camera",
        "price": 1507.6,
        "stock": 76,
        "description": "Super fast",
        "discount": null
    },
    {
        "id": 30,
        "name": "Speaker",
        "price": 1652.34,
        "stock": 18,
        "description": "Great sound quality",
        "discount": 0.12
    },
    {
        "id": 31,
        "name": "Tablet",
        "price": 163.6,
        "stock": 20,
        "description": "Latest model",
        "discount": null
    },
    {
        "id": 32,
        "name": "Keyboard",
        "price": 583.13,
        "stock": 38,
        "description": "Portable and lightweight",
        "discount": 0.18
    },
    {
        "id": 33,
        "name": "Speaker",
        "price": 1785.82,
        "stock": 1,
        "description": "Latest model",
        "discount": 0.17
    },
    {
        "id": 34,
        "name": "Keyboard",
        "price": 706.27,
        "stock": 35,
        "description": "Super fast",
        "discount": 0.22
    },
    {
        "id": 35,
        "name": "Headphones",
        "price": 1155.44,
        "stock": 64,
        "description": "High resolution",
        "discount": null
    },
    {
        "id": 36,
        "name": "Camera",
        "price": 860.35,
        "stock": 25,
        "description": "Elegant design",
        "discount": null
    },
    {
        "id": 37,
        "name": "Mouse",
        "price": 1182.66,
        "stock": 64,
        "description": "Latest model",
        "discount": null
    },
    {
        "id": 38,
        "name": "Mouse",
        "price": 772.56,
        "stock": 84,
        "description": "High-performance device",
        "discount": null
    },
    {
        "id": 39,
        "name": "Monitor",
        "price": 1007.54,
        "stock": 28,
        "description": "Long battery life",
        "discount": null
    },
    {
        "id": 40,
        "name": "Laptop",
        "price": 352.64,
        "stock": 89,
        "description": "Portable and lightweight",
        "discount": null
    },
    {
        "id": 41,
        "name": "Smartphone",
        "price": 874.77,
        "stock": 90,
        "description": "Super fast",
        "discount": null
    },
    {
        "id": 42,
        "name": "Laptop",
        "price": 1403.6,
        "stock": 44,
        "description": "Elegant design",
        "discount": null
    },
    {
        "id": 43,
        "name": "Speaker",
        "price": 670.39,
        "stock": 71,
        "description": "High resolution",
        "discount": null
    },
    {
        "id": 44,
        "name": "Speaker",
        "price": 1096.45,
        "stock": 8,
        "description": "Great for gaming",
        "discount": 0.3
    },
    {
        "id": 45,
        "name": "Smartphone",
        "price": 1144.69,
        "stock": 96,
        "description": "Great sound quality",
        "discount": 0.4
    },
    {
        "id": 46,
        "name": "Mouse",
        "price": 1402.84,
        "stock": 52,
        "description": "Elegant design",
        "discount": null
    },
    {
        "id": 47,
        "name": "Keyboard",
        "price": 225.18,
        "stock": 51,
        "description": "Elegant design",
        "discount": 0.26
    },
    {
        "id": 48,
        "name": "Smartwatch",
        "price": 645.66,
        "stock": 18,
        "description": "Great for gaming",
        "discount": 0.49
    },
    {
        "id": 49,
        "name": "Keyboard",
        "price": 509.4,
        "stock": 94,
        "description": "Elegant design",
        "discount": null
    },
    {
        "id": 50,
        "name": "Laptop",
        "price": 350.23,
        "stock": 83,
        "description": "Long battery life",
        "discount": 0.26
    }
]